273,0.001524617,2.62943E-05
273.5,0.001524617,2.62943E-05
274,0.001524617,2.62943E-05
274.5,0.001524617,2.62943E-05
275,0.001524617,2.62943E-05
275.5,0.001524617,2.62943E-05
276,0.001524617,2.62943E-05
276.5,0.001524617,2.62943E-05
277,0.001524617,2.62943E-05
277.5,0.001524617,2.62943E-05
278,0.001524617,2.62943E-05
278.5,0.001524617,2.62943E-05
279,0.229463688,0.020651162
279.5,0.484322103,0.04148954
280,0.424326008,0.002145879
280.5,0.425930295,0.014977638
281,0.47243539,0.019907822
281.5,0.413859977,0.029547319
282,0.407615183,0.072577443
282.5,0.410041276,0.091407198
283,0.434037632,0.104066071
283.5,0.466841068,0.093292238
284,0.466684888,0.068109644
284.5,0.45387011,0.08110377
285,0.44627445,0.120391819
285.5,0.45415988,0.16332071
286,0.455540867,0.177626791
286.5,0.45009566,0.153398549
287,0.430679384,0.082320671
287.5,0.412659806,0.031790224
288,0.417466998,0.020037716
288.5,0.441293136,0.033286502
289,0.47894569,0.053629232
289.5,0.508325989,0.091366836
290,0.519821229,0.126877312
290.5,0.531230292,0.179794494
291,0.532098022,0.222084959
291.5,0.538959263,0.212534469
292,0.537071899,0.175745301
292.5,0.509589004,0.131767003
293,0.48773269,0.10388188
293.5,0.472378681,0.091113359
294,0.453072661,0.091157665
294.5,0.459153373,0.098926453
295,0.485641176,0.117664572
295.5,0.529252473,0.133399617
296,0.575721032,0.149022255
296.5,0.579307973,0.147790629
297,0.557465417,0.137410947
297.5,0.525854157,0.118498233
298,0.512665384,0.085470073
298.5,0.51689852,0.04868945
299,0.522015655,0.030453289
299.5,0.536298063,0.038277295
300,0.558189238,0.053411384
300.5,0.568908783,0.080285228
301,0.576177581,0.107390593
301.5,0.566849435,0.113707935
302,0.550872936,0.124211463
302.5,0.552355161,0.13169614
303,0.547050145,0.120189615
303.5,0.536251859,0.122191533
304,0.522936933,0.133754196
304.5,0.499580358,0.147558187
305,0.503426856,0.185265027
305.5,0.504215101,0.192705398
306,0.502396902,0.176311417
306.5,0.496246467,0.146314992
307,0.483374145,0.104022291
307.5,0.485049271,0.094102103
308,0.498740146,0.094316664
308.5,0.525224881,0.09944077
309,0.548219731,0.108212685
309.5,0.556204633,0.111411652
310,0.535551837,0.106420465
310.5,0.50208324,0.090439962
311,0.472548806,0.075486646
311.5,0.458530139,0.079685849
312,0.470040904,0.096667376
312.5,0.489528112,0.111447412
313,0.509912242,0.131244404
313.5,0.519144634,0.127965108
314,0.506647888,0.111548645
314.5,0.502132976,0.097091504
315,0.50933298,0.087934902
315.5,0.537269169,0.092555865
316,0.568400733,0.101802262
316.5,0.576470698,0.122820493
317,0.573517589,0.155128321
317.5,0.561442715,0.178795704
318,0.554963651,0.19465854
318.5,0.542233843,0.171544258
319,0.542994292,0.130683151
319.5,0.558777703,0.114581958
320,0.578916127,0.112072822
320.5,0.587536163,0.125285717
321,0.582975513,0.140879825
321.5,0.587022349,0.149669884
322,0.601609772,0.153090511
322.5,0.627787632,0.164170148
323,0.645188718,0.159770583
323.5,0.65511918,0.162313243
324,0.666877603,0.163820302
324.5,0.672076454,0.159479767
325,0.678125093,0.146735438
325.5,0.681421705,0.1374684
326,0.691332274,0.128865162
326.5,0.717246765,0.122661413
327,0.742437621,0.136839177
327.5,0.77702207,0.148753658
328,0.80500595,0.149182387
328.5,0.816569705,0.147560159
329,0.830177283,0.129276405
329.5,0.841567567,0.112840748
330,0.84754611,0.114948763
330.5,0.858209598,0.120295844
331,0.860192901,0.132855325
331.5,0.864709021,0.150104266
332,0.872982393,0.1734974
332.5,0.883490815,0.20859203
333,0.886136955,0.220235943
333.5,0.880860758,0.224445795
334,0.868092091,0.196825192
334.5,0.859611316,0.160870868
335,0.851980887,0.146629472
335.5,0.846061282,0.138982032
336,0.850446229,0.156045467
336.5,0.852089469,0.171595663
337,0.859170571,0.18312204
337.5,0.863451584,0.186364918
338,0.863481798,0.174842617
338.5,0.866368716,0.163143223
339,0.873448516,0.167447603
339.5,0.88062249,0.183556685
340,0.873074334,0.199185501
340.5,0.855947029,0.206165985
341,0.838623011,0.195637872
341.5,0.822668638,0.185726229
342,0.819091087,0.176556217
342.5,0.817228916,0.175392299
343,0.816029209,0.175037458
343.5,0.814330563,0.167204118
344,0.799394151,0.163971494
344.5,0.782347259,0.168786773
345,0.765814462,0.176650614
345.5,0.754592723,0.186999006
346,0.75439601,0.190703612
346.5,0.755080228,0.172822161
347,0.750130336,0.153000322
347.5,0.752004407,0.144937564
348,0.75520071,0.139064202
348.5,0.758510338,0.147216361
349,0.761357281,0.157397783
349.5,0.758124349,0.159023561
350,0.752994943,0.17230114
350.5,0.741267384,0.17614103
351,0.72826863,0.17045186
351.5,0.715351406,0.160959086
352,0.709328983,0.153762594
352.5,0.710203685,0.144712484
353,0.711851294,0.151046654
353.5,0.710233155,0.156084908
354,0.711470326,0.166971544
354.5,0.712842574,0.178496475
355,0.712222129,0.173721427
355.5,0.7100066,0.167819405
356,0.701307824,0.153430234
356.5,0.697140971,0.15105165
357,0.698957683,0.156666538
357.5,0.701442529,0.162864241
358,0.699826714,0.172591429
358.5,0.686991856,0.170882561
359,0.674298583,0.168798868
359.5,0.669295144,0.165748333
360,0.670117507,0.169190259
360.5,0.674696378,0.169851298
361,0.670267738,0.165398618
361.5,0.656796166,0.150840901
362,0.650655213,0.143157307
362.5,0.647226685,0.145081525
363,0.650490852,0.145310286
363.5,0.653256173,0.156632882
364,0.644407631,0.161115274
364.5,0.63557452,0.165619491
365,0.62729585,0.17254778
365.5,0.625088223,0.164910464
366,0.631766232,0.159743894
366.5,0.642337498,0.156164317
367,0.658542875,0.165131731
367.5,0.669231649,0.176946688
368,0.665680872,0.179720344
368.5,0.65882465,0.179246389
369,0.652072828,0.179388641
369.5,0.650273873,0.180252278
370,0.65274366,0.184703512
370.5,0.655971107,0.183325558
371,0.659391362,0.181325744
371.5,0.662145712,0.18607292
372,0.66341821,0.190449609
372.5,0.658922728,0.191503879
373,0.649885468,0.188243647
373.5,0.643438383,0.18660183
374,0.634056225,0.184003951
374.5,0.625599993,0.179179996
375,0.628998773,0.179109264
375.5,0.632763833,0.175552432
376,0.645827477,0.179927675
376.5,0.654439145,0.185099241
377,0.660484438,0.191412244
377.5,0.662177785,0.194211668
378,0.659334282,0.195919616
378.5,0.656716403,0.203462929
379,0.650931039,0.206079477
379.5,0.646379778,0.20950418
380,0.639874033,0.209014712
380.5,0.636529079,0.196765898
381,0.634038562,0.187258925
381.5,0.632384352,0.182810978
382,0.631751543,0.177485985
382.5,0.633241949,0.178848293
383,0.639560557,0.177965593
383.5,0.642684349,0.170754376
384,0.643862766,0.16245326
384.5,0.641536331,0.156948151
385,0.639491113,0.15665418
385.5,0.640257883,0.160720333
386,0.641031069,0.166414236
386.5,0.641475997,0.17381635
387,0.642532723,0.184107025
387.5,0.647026811,0.197917063
388,0.653656478,0.208357748
388.5,0.657567399,0.210225302
389,0.657092165,0.204611991
389.5,0.652576882,0.195415028
390,0.646261435,0.193128737
390.5,0.6452352,0.196980723
391,0.643535531,0.198751514
391.5,0.64263452,0.196795742
392,0.642170813,0.190751468
392.5,0.639342184,0.185345487
393,0.638713372,0.186671247
393.5,0.638792299,0.189636851
394,0.639596441,0.196269067
394.5,0.64087526,0.203146609
395,0.639131247,0.205962204
395.5,0.636045199,0.205176004
396,0.634952681,0.200457489
396.5,0.636926316,0.195985877
397,0.637576696,0.195393466
397.5,0.637972724,0.200660481
398,0.632585899,0.202647937
398.5,0.629062268,0.201498481
399,0.630213818,0.19980447
399.5,0.632429719,0.195143013
400,0.635987282,0.197575763
400.5,0.63806792,0.202861052
401,0.637103693,0.207716561
401.5,0.636219972,0.211301528
402,0.635919047,0.212643722
402.5,0.633419883,0.213624631
403,0.629998048,0.211021757
403.5,0.626926037,0.209211787
404,0.623808568,0.206549488
404.5,0.621492265,0.203103355
405,0.621280028,0.204123706
405.5,0.621802581,0.203733892
406,0.619384482,0.201741178
406.5,0.616304012,0.199834051
407,0.610909285,0.196485732
407.5,0.605674736,0.196686489
408,0.603841012,0.200589223
408.5,0.604547728,0.204762132
409,0.606355979,0.208512096
409.5,0.607878458,0.210942085
410,0.609927023,0.209856393
410.5,0.609017738,0.207825025
411,0.607608397,0.205256859
411.5,0.606036275,0.20414106
412,0.604269113,0.205156152
412.5,0.604085323,0.207707621
413,0.604135152,0.208182759
413.5,0.605014688,0.208532079
414,0.60502352,0.206904593
414.5,0.605269411,0.20625131
415,0.605734326,0.208016316
415.5,0.605946843,0.207912191
416,0.6049749,0.207453486
416.5,0.604278317,0.205339555
417,0.60263266,0.20188343
417.5,0.602012494,0.201560141
418,0.601492265,0.203103355
418.5,0.601157129,0.204013795
419,0.601854734,0.207130198
419.5,0.603321062,0.208351963
420,0.605379109,0.208365899
420.5,0.606714357,0.208529056
421,0.606937844,0.207929282
421.5,0.607204001,0.207858419
422,0.607064555,0.209365083
422.5,0.606248606,0.211086441
423,0.604794734,0.211309285
423.5,0.604676205,0.210822183
424,0.606489383,0.208956338
424.5,0.609016715,0.208590321
425,0.61129611,0.210408179
425.5,0.612407407,0.212001089
426,0.612395787,0.211537388
426.5,0.612879667,0.21019835
427,0.613154377,0.207583775
427.5,0.612990109,0.205328117
428,0.614536851,0.204384677
428.5,0.61571313,0.203790557
429,0.616456474,0.205139981
429.5,0.615816879,0.205215183
430,0.614949892,0.20543737
430.5,0.614995352,0.204521933
431,0.615629555,0.203821452
431.5,0.617293619,0.205876616
432,0.619049903,0.208019603
432.5,0.621320374,0.21233805
433,0.623518611,0.214467101
433.5,0.624313922,0.215655736
434,0.623793786,0.216325846
434.5,0.622017515,0.216284433
435,0.620658188,0.215980734
435.5,0.619664026,0.213829333
436,0.619909174,0.211322038
436.5,0.620255559,0.209064408
437,0.620250818,0.20763071
437.5,0.620779507,0.207952421
438,0.620553975,0.20831502
438.5,0.620251469,0.208590058
439,0.619880169,0.207958469
439.5,0.619059851,0.206521484
440,0.618986687,0.205992048
440.5,0.61879862,0.20627984
441,0.617948553,0.206696342
441.5,0.617280325,0.206986631
442,0.617004407,0.206809407
442.5,0.617605143,0.207531186
443,0.618846683,0.209201796
443.5,0.620184441,0.210539913
444,0.620876469,0.211241709
444.5,0.620354473,0.209928439
445,0.621364997,0.208673937
445.5,0.621597594,0.207362903
446,0.623238696,0.207639124
446.5,0.624785252,0.20844189
447,0.62564945,0.20966405
447.5,0.627574557,0.21017153
448,0.627791258,0.209668651
448.5,0.627576045,0.210344021
449,0.627453332,0.212023439
449.5,0.627579949,0.212564576
450,0.628288339,0.211628235
450.5,0.628734475,0.209447779
451,0.628129183,0.209081631
451.5,0.62738742,0.210567128
452,0.627111873,0.212200794
452.5,0.627573721,0.212726154
453,0.627927915,0.211374101
453.5,0.626834746,0.209231771
454,0.62555602,0.208552195
454.5,0.624249126,0.209025492
455,0.624715064,0.210025202
455.5,0.625900454,0.210487588
456,0.626218857,0.209404393
456.5,0.625891529,0.209452643
457,0.624831177,0.210232007
457.5,0.623413004,0.211059095
458,0.622102949,0.21116585
458.5,0.621664436,0.210694787
459,0.621018054,0.210866883
459.5,0.619715808,0.211879214
460,0.617695318,0.212685135
460.5,0.615349825,0.212924939
461,0.614381043,0.212832778
461.5,0.614520861,0.211369236
462,0.614700933,0.210154307
462.5,0.615004648,0.209135534
463,0.614508311,0.209029962
463.5,0.613328406,0.21008752
464,0.612787818,0.211921417
464.5,0.612610814,0.212608224
465,0.613009166,0.213725339
465.5,0.612922895,0.214327478
466,0.611925294,0.214428843
466.5,0.611037855,0.214047049
467,0.610827012,0.21257746
467.5,0.611411014,0.211358718
468,0.611975588,0.210538467
468.5,0.612147293,0.210121045
469,0.612246114,0.210090412
469.5,0.612065112,0.209429767
470,0.611566916,0.209108582
470.5,0.6113491,0.209482093
471,0.611516715,0.210358088
471.5,0.61187844,0.212530919
472,0.61136165,0.213589134
472.5,0.609629258,0.213332896
473,0.608001822,0.211989782
473.5,0.606541165,0.210541754
474,0.605395471,0.210263297
474.5,0.603551149,0.211169268
475,0.60155167,0.212643853
475.5,0.599999814,0.21387824
476,0.598575227,0.214845345
476.5,0.597282091,0.215146415
477,0.596954392,0.215151542
477.5,0.596092704,0.215104344
478,0.596148948,0.215439465
478.5,0.595829708,0.21554175
479,0.595005299,0.215398183
479.5,0.594204596,0.215352036
480,0.592686673,0.214334183
480.5,0.592295664,0.214952626
481,0.592873066,0.215620107
481.5,0.59324604,0.216445749
482,0.593365127,0.216997535
482.5,0.592597985,0.216423793
483,0.591958482,0.215625892
483.5,0.59208259,0.214992067
484,0.592833278,0.214541514
484.5,0.594408932,0.214299212
485,0.596098003,0.214834959
485.5,0.596405158,0.215098954
486,0.596574725,0.215317459
486.5,0.596730998,0.214878213
487,0.597313606,0.214381645
487.5,0.597424327,0.213963171
488,0.596982932,0.214041791
488.5,0.596607541,0.214703619
489,0.59682638,0.215332579
489.5,0.597494515,0.215915392
490,0.597268426,0.216213307
490.5,0.596281422,0.215775901
491,0.594920051,0.215235027
491.5,0.593851982,0.214235711
492,0.593541202,0.214435154
492.5,0.593883125,0.215195585
493,0.59449604,0.216445749
493.5,0.594979176,0.216788232
494,0.595380503,0.216482561
494.5,0.594827551,0.215998745
495,0.593870947,0.216434968
495.5,0.592222966,0.217128743
496,0.590199688,0.217611244
496.5,0.587879481,0.217247857
497,0.585367303,0.216719472
497.5,0.583061226,0.21622698
498,0.581017496,0.2161055
498.5,0.579394801,0.216196084
499,0.577740499,0.216156774
499.5,0.576093727,0.216106815
500,0.574384482,0.215883313
500.5,0.571801093,0.21593577
501,0.569277945,0.215903034
501.5,0.567438736,0.216518058
502,0.566597315,0.217053279
502.5,0.566437788,0.217999085
503,0.565991838,0.218433336
503.5,0.565090454,0.218202209
504,0.564131712,0.217506593
504.5,0.562857913,0.216514508
505,0.56114495,0.21585978
505.5,0.559197996,0.215470492
506,0.557450729,0.215257114
506.5,0.556346404,0.215356638
507,0.556030511,0.215847027
507.5,0.555617098,0.216518978
508,0.555096404,0.217124405
508.5,0.554339766,0.216884995
509,0.55377603,0.216918389
509.5,0.553176037,0.216282855
510,0.552446917,0.21569899
510.5,0.551307917,0.214428974
511,0.550346571,0.2134315
511.5,0.549679923,0.213021177
512,0.549292169,0.213133059
512.5,0.549495575,0.213740195
513,0.550050015,0.214396501
513.5,0.550635133,0.215074894
514,0.550646475,0.214622369
514.5,0.549952774,0.213726522
515,0.549331121,0.213230742
515.5,0.54866252,0.213477909
516,0.547905046,0.214025357
516.5,0.547425071,0.214049416
517,0.547108155,0.213537334
517.5,0.546845809,0.213166321
518,0.546167448,0.213165401
518.5,0.545202755,0.213547589
519,0.544449093,0.213653161
519.5,0.544116094,0.213927673
520,0.544132828,0.214100427
520.5,0.544313458,0.214717949
521,0.544774375,0.215135503
521.5,0.545142886,0.215443672
522,0.545435167,0.215750527
522.5,0.545322773,0.215974949
523,0.544931206,0.216528707
523.5,0.54407928,0.216729596
524,0.543528373,0.216482955
524.5,0.543394039,0.215930906
525,0.543243344,0.215249226
525.5,0.543025621,0.214749634
526,0.54279823,0.214896619
526.5,0.542931076,0.215276177
527,0.543004983,0.215891859
527.5,0.543017347,0.216441804
528,0.542501023,0.216670039
528.5,0.542114383,0.216911289
529,0.541884575,0.216777977
529.5,0.542051354,0.216673063
530,0.542201398,0.216395395
530.5,0.542342425,0.215955885
531,0.541936078,0.215679401
531.5,0.541258832,0.215807848
532,0.540260858,0.21586609
532.5,0.53929598,0.216226717
533,0.538103618,0.215839665
533.5,0.537040756,0.215444067
534,0.536005225,0.214682452
534.5,0.535136472,0.213815922
535,0.534902201,0.213165138
535.5,0.534660587,0.212546564
536,0.534280362,0.212647797
536.5,0.533916499,0.212878661
537,0.533983062,0.213526553
537.5,0.53407017,0.213905323
538,0.534276458,0.213962776
538.5,0.534007883,0.213753342
539,0.533493139,0.213280965
539.5,0.533165068,0.213242969
540,0.53271261,0.212922573
540.5,0.532197773,0.213323298
541,0.531239495,0.213565469
541.5,0.53012104,0.213794098
542,0.529537502,0.21418286
542.5,0.529671464,0.214691786
543,0.529747973,0.215609326
543.5,0.529648501,0.216448378
544,0.529137848,0.21645035
544.5,0.529573386,0.216576431
545,0.530445579,0.216957962
545.5,0.531274078,0.217575878
546,0.531787892,0.217940449
546.5,0.531549067,0.217645295
547,0.531256786,0.217338441
547.5,0.53048546,0.217163452
548,0.529569203,0.216975185
548.5,0.52862831,0.21658169
549,0.528009631,0.216430892
549.5,0.528051744,0.216895118
550,0.528697289,0.21750988
550.5,0.529048137,0.217537489
551,0.528603488,0.216354902
551.5,0.527308307,0.21465103
552,0.526237822,0.213371417
552.5,0.526012383,0.212860913
553,0.526442994,0.213299502
553.5,0.526608564,0.213938322
554,0.526597408,0.214412409
554.5,0.526456009,0.214808796
555,0.526402927,0.214840218
555.5,0.526387494,0.214818393
556,0.526407854,0.21452771
556.5,0.526824055,0.214179178
557,0.527488286,0.214309204
557.5,0.527824818,0.214444357
558,0.5271036,0.213892965
558.5,0.526392515,0.213632783
559,0.525805258,0.213590317
559.5,0.526060817,0.214058225
560,0.526176372,0.214200345
560.5,0.526010988,0.213583086
561,0.525349082,0.212838694
561.5,0.524790272,0.21255958
562,0.524715157,0.212687633
562.5,0.52516213,0.213255853
563,0.525725959,0.214117124
563.5,0.525909936,0.21512275
564,0.526223226,0.216098269
564.5,0.526588948,0.216083018
565,0.52736641,0.215201764
565.5,0.528487004,0.214337207
566,0.52976731,0.214316172
566.5,0.531048825,0.215319169
567,0.531445876,0.216285353
567.5,0.531281515,0.216670565
568,0.530643686,0.216066716
568.5,0.530385895,0.215340073
569,0.530379202,0.214563864
569.5,0.53111483,0.21413461
570,0.531957552,0.213750318
570.5,0.532677283,0.214129219
571,0.533335936,0.215380171
571.5,0.533641325,0.216323217
572,0.533252826,0.216348854
572.5,0.532458073,0.215224903
573,0.532147386,0.214551243
573.5,0.532532538,0.214137502
574,0.533153168,0.21363081
574.5,0.533198907,0.213631599
575,0.533085769,0.213769776
575.5,0.533390785,0.214669699
576,0.533344489,0.214604226
576.5,0.533298286,0.21366565
577,0.533044865,0.212561815
577.5,0.532919549,0.212171607
578,0.533375539,0.212901669
578.5,0.53426744,0.213800935
579,0.535923788,0.214077419
579.5,0.53723031,0.213560999
580,0.538034453,0.213122147
580.5,0.53821062,0.213222197
581,0.538299029,0.213751896
581.5,0.538196211,0.214202843
582,0.537638703,0.214074659
582.5,0.53698163,0.213890861
583,0.536510022,0.213117414
583.5,0.536748568,0.212496342
584,0.53746142,0.212077474
584.5,0.53888452,0.212705645
585,0.540294047,0.213527605
585.5,0.541238937,0.213500785
586,0.541739086,0.213164481
586.5,0.542396438,0.212496737
587,0.543813774,0.212456506
587.5,0.545403652,0.212979763
588,0.546567752,0.213625026
588.5,0.547524171,0.214935009
589,0.548407984,0.215780239
589.5,0.548877919,0.216359635
590,0.548960379,0.216199371
590.5,0.549000725,0.215574881
591,0.549624145,0.215391609
591.5,0.549748903,0.215717133
592,0.549372583,0.216271154
592.5,0.548397386,0.21631901
593,0.547718188,0.21533718
593.5,0.547343169,0.214274364
594,0.547099323,0.213397054
594.5,0.547523055,0.213037874
595,0.547833649,0.21281687
595.5,0.54799987,0.212647272
596,0.547953388,0.212560237
596.5,0.547967146,0.21238801
597,0.548389484,0.212751003
597.5,0.548522702,0.213173684
598,0.548982876,0.213504992
598.5,0.549613082,0.213224826
599,0.550756824,0.212393005
599.5,0.55171194,0.211784292
600,0.552237282,0.211717899
600.5,0.552516548,0.212283227
601,0.552610814,0.212608224
601.5,0.552566005,0.212715242
602,0.552709077,0.212512908
602.5,0.553550777,0.212893912
603,0.555054477,0.213146206
603.5,0.55653131,0.212934537
604,0.557725253,0.212620977
604.5,0.558851982,0.212467944
605,0.560063588,0.212434945
605.5,0.561077365,0.21244165
606,0.561636639,0.211890784
606.5,0.562372081,0.211439968
607,0.563224937,0.211346886
607.5,0.564485442,0.211681218
608,0.56523362,0.211823471
608.5,0.565640618,0.211291537
609,0.565666462,0.210753029
609.5,0.565494013,0.211084206
610,0.565478302,0.211913923
610.5,0.564817232,0.21215044
611,0.564215194,0.211277732
611.5,0.563878198,0.210204792
612,0.564444259,0.209557032
612.5,0.565282054,0.209485248
613,0.566194407,0.209220728
613.5,0.566978934,0.209158804
614,0.567871393,0.210122754
614.5,0.568609252,0.211720002
615,0.569411907,0.212876426
615.5,0.570572661,0.213133585
616,0.572104064,0.213062985
616.5,0.5739667,0.213396922
617,0.575181467,0.213730466
617.5,0.575995742,0.213582823
618,0.576321025,0.213297398
618.5,0.57693301,0.212671988
619,0.577735572,0.212933748
619.5,0.578661963,0.213413225
620,0.579701398,0.214627628
620.5,0.580576751,0.215375701
621,0.581078202,0.215190326
621.5,0.581518388,0.214087674
622,0.582276513,0.212731808
622.5,0.583193422,0.212111656
623,0.583511174,0.211836881
623.5,0.58272423,0.211618506
624,0.581718169,0.211622713
624.5,0.581486223,0.212125329
625,0.581960713,0.212349094
625.5,0.582728693,0.212135979
626,0.583399338,0.212125987
626.5,0.583997471,0.212545907
627,0.584937156,0.213683136
627.5,0.586544325,0.214443831
628,0.588373215,0.215283803
628.5,0.589463781,0.215356506
629,0.589713762,0.215177574
629.5,0.589758943,0.215113678
630,0.590428845,0.215017441
630.5,0.590996765,0.214585294
631,0.59146419,0.213989728
631.5,0.590830916,0.213030248
632,0.590223394,0.212405364
632.5,0.589769448,0.211912477
633,0.590424569,0.212753763
633.5,0.591454987,0.213806325
634,0.592458352,0.214373362
634.5,0.592503719,0.214331028
635,0.592125446,0.213774772
635.5,0.592051632,0.214053755
636,0.59312091,0.214309335
636.5,0.594375372,0.214826807
637,0.595165663,0.215433286
637.5,0.595773836,0.215249752
638,0.596463911,0.214841269
638.5,0.596557991,0.213376939
639,0.596006247,0.212149389
639.5,0.595244404,0.211306261
640,0.595337926,0.211545014
640.5,0.595931318,0.212299003
641,0.595758125,0.212543935
641.5,0.5950185,0.211625737
642,0.59434646,0.210590136
642.5,0.594848468,0.210469445
643,0.59584923,0.210734623
643.5,0.596583092,0.210984419
644,0.596915533,0.210645222
644.5,0.597038617,0.210776694
645,0.597232634,0.211178865
645.5,0.597520731,0.211884473
646,0.598067269,0.212508306
646.5,0.598873922,0.213244415
647,0.599931299,0.213887837
647.5,0.6008166,0.214905559
648,0.600950933,0.215457608
648.5,0.600369534,0.215210442
649,0.600139819,0.214204027
649.5,0.600483973,0.213455427
650,0.600865127,0.213462001
650.5,0.600490016,0.213272287
651,0.599976387,0.212929278
651.5,0.600344526,0.213194325
652,0.601622787,0.214703882
652.5,0.602334895,0.215966535
653,0.601968057,0.215852417
653.5,0.601584579,0.214692444
654,0.60189508,0.213576776
654.5,0.602898353,0.213249148
655,0.603552822,0.213131087
655.5,0.604269764,0.213186568
656,0.6049379,0.213769381
656.5,0.60504797,0.214159326
657,0.605351592,0.214013656
657.5,0.605647033,0.212919286
658,0.606200543,0.211700019
658.5,0.605766771,0.210894887
659,0.604489532,0.210387801
659.5,0.603108545,0.210223856
660,0.602987692,0.21035112
660.5,0.60414073,0.210597367
661,0.605645545,0.210979029
661.5,0.606287558,0.211184124
662,0.605699372,0.211033852
662.5,0.605426335,0.210306946
663,0.606613305,0.210068719
663.5,0.60882902,0.210689002
664,0.61012262,0.211325719
664.5,0.609844842,0.210932882
665,0.609287613,0.209953156
665.5,0.609012067,0.209819055
666,0.609435148,0.210268293
666.5,0.610564015,0.211247099
667,0.611936264,0.212165428
667.5,0.613121374,0.213479355
668,0.613420999,0.213753999
668.5,0.613097575,0.212487271
669,0.612015748,0.209892416
669.5,0.610700952,0.206797706
670,0.610817994,0.205344551
670.5,0.612477131,0.205944456
671,0.615541518,0.208638177
671.5,0.617296315,0.210608673
672,0.617992898,0.210954838
672.5,0.617478153,0.21048246
673,0.617233564,0.211286672
673.5,0.616465399,0.213245993
674,0.614767682,0.214359295
674.5,0.612898353,0.213249148
675,0.612235051,0.211459163
675.5,0.61340064,0.210509149
676,0.615210936,0.210960754
676.5,0.616871374,0.211711588
677,0.617644002,0.212037506
677.5,0.618102317,0.212153201
678,0.618145638,0.211873693
678.5,0.618136806,0.211733413
679,0.618390971,0.211155726
679.5,0.618355738,0.209721503
680,0.618375632,0.208493032
680.5,0.618117377,0.208596369
681,0.61839971,0.210401342
681.5,0.619598115,0.212373022
682,0.621218113,0.212853682
682.5,0.622638517,0.21228533
683,0.624359103,0.212056307
683.5,0.626221181,0.212325561
684,0.628310371,0.213299371
684.5,0.628371728,0.213343545
685,0.627562286,0.212284016
685.5,0.626698832,0.211148101
686,0.627341496,0.210544778
686.5,0.629003793,0.211511226
687,0.631029209,0.212160564
687.5,0.632348468,0.212237212
688,0.632210416,0.211253936
688.5,0.6302907,0.209603967
689,0.628221311,0.208274789
689.5,0.626968522,0.207951369
690,0.62710927,0.208363401
690.5,0.627675796,0.208653428
691,0.628196769,0.208964226
691.5,0.628769708,0.209114236
692,0.629552376,0.208836699
692.5,0.630025937,0.20718489
693,0.629756898,0.206037669
693.5,0.629600532,0.205582251
694,0.630312361,0.205928679
694.5,0.631878533,0.206354515
695,0.633611297,0.206653876
695.5,0.635377343,0.207277183
696,0.636263666,0.207529609
696.5,0.636598431,0.208343812
697,0.636524431,0.208601233
697.5,0.637237375,0.209077029
698,0.637707311,0.209656424
698.5,0.638139967,0.210332188
699,0.638721088,0.211430896
699.5,0.639440075,0.211723552
700,0.639634557,0.211295744
700.5,0.640145396,0.211315333
701,0.641589692,0.21263373
701.5,0.643414398,0.213872455
702,0.644788413,0.214111734
702.5,0.645907054,0.213904666
703,0.647057768,0.212997512
703.5,0.648335564,0.211801515
704,0.648183382,0.210947344
704.5,0.647702941,0.211801383
705,0.64753951,0.212294402
705.5,0.648808939,0.211895911
706,0.650400398,0.209950789
706.5,0.651540235,0.20866618
707,0.652181132,0.208741908
707.5,0.653045515,0.209985629
708,0.654891696,0.211063039
708.5,0.657253272,0.211804407
709,0.659003235,0.211446542
709.5,0.659766845,0.209842851
710,0.660622304,0.208283861
710.5,0.661187156,0.208379835
711,0.661158988,0.20953271
711.5,0.659522163,0.209752399
712,0.65795785,0.209542176
712.5,0.657729901,0.209624477
713,0.659947661,0.210481934
713.5,0.662566005,0.210947475
714,0.663512476,0.210220043
714.5,0.66310241,0.209512332
715,0.663499554,0.209605413
715.5,0.665484438,0.21085768
716,0.668109754,0.211247888
716.5,0.669911033,0.211537651
717,0.670413413,0.211460083
717.5,0.66953871,0.211671358
718,0.668272442,0.210668624
718.5,0.668113844,0.20995447
719,0.669325264,0.20989991
719.5,0.671520062,0.210746192
720,0.674203667,0.211708696
720.5,0.67638452,0.212705645
721,0.676922877,0.212380779
721.5,0.676417429,0.211218701
722,0.676042131,0.209239659
722.5,0.676092704,0.208033276
723,0.676737413,0.207667128
723.5,0.678180965,0.20889928
724,0.679397869,0.210364662
724.5,0.679054552,0.210326404
725,0.678262216,0.20948275
725.5,0.678704354,0.209490376
726,0.680495408,0.210362032
726.5,0.683320039,0.210885026
727,0.685891622,0.210347308
727.5,0.687933958,0.209423194
728,0.688567604,0.208658029
728.5,0.68767719,0.207931254
729,0.687330898,0.207548015
729.5,0.688753719,0.20725996
730,0.691347706,0.2084365
730.5,0.693257288,0.209795258
731,0.694510263,0.21014024
731.5,0.69505364,0.208629763
732,0.695417039,0.207461112
732.5,0.696875,0.207712617
733,0.69920283,0.208960019
733.5,0.700404302,0.210403577
734,0.701104882,0.212097194
734.5,0.702925219,0.213713112
735,0.705083668,0.21476357
735.5,0.706184832,0.214297503
736,0.707633497,0.213470941
736.5,0.708773892,0.212251016
737,0.709796315,0.210608673
737.5,0.710393054,0.209983
738,0.711519969,0.211619295
738.5,0.711679031,0.213271236
739,0.711520248,0.212535521
739.5,0.711353284,0.210851107
740,0.71250251,0.209771462
740.5,0.71491252,0.209942375
741,0.716962387,0.210775379
741.5,0.718328685,0.211003745
742,0.719292819,0.210556873
742.5,0.720437677,0.209854421
743,0.721201287,0.210018497
743.5,0.722834858,0.210305368
744,0.724478191,0.210840326
744.5,0.724942176,0.210729758
745,0.725099379,0.210398319
745.5,0.725486576,0.210221752
746,0.725678269,0.209470524
746.5,0.72510663,0.207703677
747,0.725749201,0.20620569
747.5,0.727735944,0.205905803
748,0.730177376,0.206185049
748.5,0.732185129,0.206553826
749,0.733473617,0.20748149
749.5,0.73495956,0.208326326
750,0.736459356,0.208125832
750.5,0.737030437,0.208060228
751,0.736738807,0.208712721
751.5,0.737167466,0.2098088
752,0.739527369,0.210356116
752.5,0.742389093,0.21076118
753,0.745088409,0.210893966
753.5,0.746382567,0.2098276
754,0.747195541,0.207761261
754.5,0.74898613,0.205927364
755,0.750875911,0.205873724
755.5,0.750702997,0.205267114
756,0.749889279,0.203711674
756.5,0.750669623,0.202280737
757,0.754773539,0.203547992
757.5,0.758674234,0.205997439
758,0.760442046,0.207709462
758.5,0.760050573,0.207390117
759,0.759743139,0.206209897
759.5,0.760574241,0.205361905
760,0.762027183,0.205031254
760.5,0.76319305,0.204997466
761,0.764432638,0.205557798
761.5,0.765335509,0.205961415
762,0.765104027,0.205634051
762.5,0.764304905,0.204887293
763,0.764470103,0.203715223
763.5,0.766096423,0.203161202
764,0.768576993,0.203559692
764.5,0.770997602,0.204959602
765,0.772369199,0.204918583
765.5,0.772915365,0.203731526
766,0.774876915,0.203161728
766.5,0.777732597,0.203749932
767,0.780570058,0.203992891
767.5,0.782247602,0.203191835
768,0.782924848,0.203063387
768.5,0.782533746,0.202787165
769,0.782474714,0.202128624
769.5,0.78435492,0.201848458
770,0.786899729,0.20174144
770.5,0.788575785,0.20253566
771,0.789659843,0.203621484
771.5,0.791528429,0.204645385
772,0.793562305,0.205391881
772.5,0.796182229,0.206924576
773,0.798480403,0.209152362
773.5,0.801141232,0.210125252
774,0.803142198,0.210590924
774.5,0.804985498,0.21045025
775,0.806024747,0.209875325
775.5,0.805280381,0.207523429
776,0.804764056,0.205983897
776.5,0.80519569,0.20565719
777,0.807410847,0.206212789
777.5,0.808599769,0.205317073
778,0.80914324,0.202933493
778.5,0.810052525,0.201429327
779,0.811282352,0.201741572
779.5,0.813223635,0.202357122
780,0.815798379,0.202185946
780.5,0.818904135,0.201722114
781,0.821875279,0.203325542
781.5,0.824116652,0.205153523
782,0.825537799,0.206439183
782.5,0.826448107,0.205937488
783,0.827500465,0.205998753
783.5,0.828386695,0.207124282
784,0.829541871,0.208502367
784.5,0.830308921,0.208181445
785,0.830188067,0.206540942
785.5,0.830493269,0.203926893
786,0.831507697,0.203125179
786.5,0.833226331,0.203553645
787,0.835352056,0.204344841
787.5,0.839361427,0.204370872
788,0.842529377,0.204932124
788.5,0.843563978,0.205585933
789,0.842720976,0.205053999
789.5,0.844034378,0.205335348
790,0.847595196,0.209029305
790.5,0.851343987,0.211540807
791,0.853672747,0.211128249
791.5,0.854459784,0.208705753
792,0.854419065,0.205751587
792.5,0.855389893,0.204313156
793,0.859113584,0.205681644
793.5,0.863646809,0.209004325
794,0.866702923,0.209854684
794.5,0.867861911,0.209023126
795,0.86837024,0.207867753
795.5,0.868535903,0.209401238
796,0.868642347,0.21025462
796.5,0.868941879,0.2096346
797,0.869742767,0.207934541
797.5,0.870553324,0.207355672
798,0.871577421,0.207675148
798.5,0.873383069,0.207587719
799,0.875885486,0.206100249
799.5,0.878038729,0.204779223
800,0.879125855,0.205336925
800.5,0.880479697,0.205888449
801,0.881337294,0.205461298
801.5,0.880058103,0.203843934
802,0.877934702,0.202438371
802.5,0.878670237,0.201114452
803,0.882255318,0.20143498
803.5,0.885643035,0.202732999
804,0.887937491,0.204529558
804.5,0.89001506,0.205039668
805,0.890097055,0.203941617
805.5,0.888742284,0.203282287
806,0.889685501,0.204829182
806.5,0.893675164,0.207873012
807,0.897390302,0.208249678
807.5,0.899284917,0.206988866
808,0.899841867,0.2052846
808.5,0.899341347,0.205577781
809,0.899203202,0.207235375
809.5,0.900605199,0.209835752
810,0.903588521,0.211967563
810.5,0.90609038,0.212183177
811,0.905513071,0.210642593
811.5,0.904476052,0.20794072
812,0.906648632,0.207094306
812.5,0.909948033,0.20875729
813,0.911394188,0.210291301
813.5,0.912870277,0.209993386
814,0.914696006,0.208699048
814.5,0.91509064,0.207617169
815,0.914416741,0.206365954
815.5,0.914817883,0.204270954
816,0.917503347,0.201913537
816.5,0.920235293,0.201410921
817,0.921849063,0.20205316
817.5,0.922019374,0.202357911
818,0.923602465,0.201210295
818.5,0.925696769,0.200125392
819,0.928147869,0.197990293
819.5,0.930164361,0.197604687
820,0.933136342,0.198421257
820.5,0.935534639,0.199001573
821,0.938867972,0.200180084
821.5,0.942382307,0.20201924
822,0.946702458,0.205381363
822.5,0.94947001,0.20812386
823,0.951063606,0.209078344
823.5,0.950892645,0.207814245
824,0.949930649,0.205857421
824.5,0.950782389,0.205634971
825,0.951764744,0.207301111
825.5,0.951098189,0.207785452
826,0.947939815,0.205682959
826.5,0.945464357,0.203225755
827,0.945211773,0.203102829
827.5,0.948921241,0.205473524
828,0.953224472,0.206873565
828.5,0.955259185,0.205065437
829,0.955447066,0.202988317
829.5,0.95643221,0.20321011
830,0.958932954,0.205064122
830.5,0.96157175,0.206133643
831,0.962871951,0.206651904
831.5,0.964269578,0.207861706
832,0.96544186,0.209455667
832.5,0.965055686,0.210634704
833,0.963406868,0.210347571
833.5,0.963628124,0.209489061
834,0.966331251,0.209179971
834.5,0.969860925,0.210146288
835,0.971645471,0.210263297
835.5,0.972162632,0.209248205
836,0.971114737,0.207936645
836.5,0.970611148,0.206990181
837,0.97171036,0.207181603
837.5,0.972838577,0.207201061
838,0.97272172,0.205140244
838.5,0.972127398,0.204278448
839,0.972868697,0.205390697
839.5,0.973788487,0.20598863
840,0.975497918,0.206233693
840.5,0.977786052,0.2055294
841,0.980162223,0.205311683
841.5,0.981611539,0.205444469
842,0.982706288,0.20511842
842.5,0.982608211,0.201699764
843,0.981982281,0.198940307
843.5,0.981878812,0.200199673
844,0.983267886,0.20218542
844.5,0.983063736,0.201492039
845,0.982151848,0.20092658
845.5,0.983387532,0.20280189
846,0.985598133,0.205480887
846.5,0.988211922,0.208069825
847,0.990506098,0.208950159
847.5,0.992581809,0.207476888
848,0.993574576,0.205047162
848.5,0.993117191,0.203271507
849,0.992981835,0.203484754
849.5,0.992168117,0.20369708
850,0.991445876,0.203910985
850.5,0.991332738,0.204049161
851,0.992782705,0.203373529
851.5,0.994641064,0.203211556
852,0.996051056,0.203203536
852.5,0.997013517,0.202562612
853,0.997244813,0.201100648
853.5,0.998659732,0.20078012
854,1.00049736,0.200865708
854.5,1.003113937,0.2020103
855,1.004325078,0.202807281
855.5,1.00340631,0.203211819
856,1.002319556,0.202697239
856.5,1.002376078,0.202180818
857,1.002974398,0.200854533
857.5,1.002303101,0.19813741
858,1.003630169,0.197351867
858.5,1.007320021,0.198331725
859,1.011370482,0.199587279
859.5,1.013617805,0.200337455
860,1.015684311,0.200448549
860.5,1.017147014,0.200365985
861,1.01657017,0.197995421
861.5,1.013287874,0.194780546
862,1.012161238,0.195828243
862.5,1.014542243,0.199706655
863,1.016130634,0.200057421
863.5,1.014082627,0.195904496
864,1.010826268,0.191278011
864.5,1.011581511,0.192239594
865,1.014929626,0.196016116
865.5,1.018546315,0.198234304
866,1.022052562,0.198251659
866.5,1.025516882,0.197826348
867,1.029122416,0.198750856
867.5,1.029644411,0.200064126
868,1.028268909,0.199652357
868.5,1.028220382,0.199328148
869,1.031754425,0.199917272
869.5,1.03501943,0.201126942
870,1.036879834,0.202969911
870.5,1.037773223,0.204041667
871,1.038732151,0.204758845
871.5,1.039220865,0.205748169
872,1.040210007,0.205549646
872.5,1.04236232,0.204120813
873,1.045868102,0.203200381
873.5,1.048597166,0.201479681
874,1.050755336,0.199846146
874.5,1.053417559,0.200096862
875,1.056241819,0.202344501
875.5,1.059330749,0.204348785
876,1.060439443,0.203872069
876.5,1.059114328,0.202232355
877,1.059043489,0.201088553
877.5,1.062777034,0.201832024
878,1.067301056,0.203203536
878.5,1.070855924,0.202671996
879,1.071875744,0.200727795
879.5,1.073967909,0.200278819
880,1.079129295,0.201316393
880.5,1.086121337,0.202514888
881,1.091842184,0.203023157
881.5,1.097647813,0.202756796
882,1.105009111,0.202581938
882.5,1.110579169,0.20328163
883,1.109490648,0.201678334
883.5,1.104653429,0.198458201
884,1.100538636,0.196813491
884.5,1.097334244,0.197329517
885,1.096020192,0.199624353
885.5,1.097131582,0.202111927
886,1.099779674,0.204259516
886.5,1.10265116,0.206680434
887,1.103262123,0.208588086
887.5,1.101050777,0.207590611
888,1.098775379,0.203584672
888.5,1.099112189,0.19933275
889,1.100810185,0.199135674
889.5,1.100581307,0.199110168
890,1.098762364,0.196772077
890.5,1.097918061,0.196089214
891,1.099912892,0.197611129
891.5,1.102873531,0.200647991
892,1.104606574,0.203631345
892.5,1.105042392,0.204673651
893,1.103204671,0.201925632
893.5,1.102546296,0.198055372
894,1.105112952,0.197830161
894.5,1.108714488,0.199174984
895,1.113029897,0.199335642
895.5,1.11736046,0.198601899
896,1.120543749,0.198290311
896.5,1.123304793,0.198510395
897,1.12644662,0.200461696
897.5,1.129242526,0.20207288
898,1.129970158,0.202484255
898.5,1.12922793,0.201264199
899,1.129051763,0.199396382
899.5,1.130581586,0.198258627
900,1.133423695,0.19904062
900.5,0.492703685,0.086376175